{"cameraMode":{"drawMode":0,"name":"Shaded","section":"Shading Mode"},"sceneLighting":true,"audioPlay":false,"sceneViewState":{"m_AlwaysRefresh":false,"showFog":true,"showSkybox":true,"showFlares":true,"showImageEffects":true,"showParticleSystems":true,"showVisualEffectGraphs":true,"m_FxEnabled":true},"in2DMode":false,"pivot":{"x":23.99688148498535,"y":0.3896336555480957,"z":-14.490005493164063},"rotation":{"x":-0.03866950795054436,"y":-0.8337899446487427,"z":0.058878157287836078,"w":-0.5475746393203735},"size":18.484642028808595,"orthographic":false}