{"cameraMode":{"drawMode":0,"name":"Shaded","section":"Shading Mode"},"sceneLighting":true,"audioPlay":false,"sceneViewState":{"m_AlwaysRefresh":false,"showFog":true,"showSkybox":true,"showFlares":true,"showImageEffects":true,"showParticleSystems":true,"showVisualEffectGraphs":true,"m_FxEnabled":true},"in2DMode":false,"pivot":{"x":0.5142492055892944,"y":5.656414031982422,"z":-0.42477405071258547},"rotation":{"x":-0.1925649493932724,"y":0.018247706815600396,"z":-0.0035816426388919355,"w":-0.9811070561408997},"size":3.063499927520752,"orthographic":false}